{"name":"secure","description":"secure","packageName":"com.nemo.secure","catalogName":"secure","schemaName":"secure","dataTables":[{"entityName":"User","tableName":"user","dynamicInsert":false,"dynamicUpdate":false,"refreshEntity":false,"tableType":"TABLE","dataColumns":[{"fieldName":"id","columnName":"ID","sqlType":"integer","hibernateType":null,"length":1,"generator":"identity","precision":null,"notNull":true,"isPk":true,"isFk":false,"defaultValue":"","generatorValue":""},{"fieldName":"column2","columnName":"username","sqlType":"text","hibernateType":null,"length":255,"generator":null,"precision":null,"notNull":false,"isPk":false,"isFk":false,"defaultValue":null,"generatorValue":""},{"fieldName":"column3","columnName":"password","sqlType":"text","hibernateType":null,"length":255,"generator":null,"precision":null,"notNull":false,"isPk":false,"isFk":false,"defaultValue":null,"generatorValue":""},{"fieldName":"column4","columnName":"role","sqlType":"text","hibernateType":null,"length":255,"generator":null,"precision":null,"notNull":false,"isPk":false,"isFk":false,"defaultValue":null,"generatorValue":""}],"dataRelations":[]}],"draft":true,"schemaChanged":false}