{"id":null,"version":null,"productId":0,"categoryId":0,"name":null,"description":null,"baseURL":"http://localhost:8084","endPoints":[{"id":null,"parentId":null,"name":null,"description":null,"relativePath":"/graphservice/storage/addnetwork","docLink":null,"operations":[{"id":null,"parentId":null,"name":"invoke","description":null,"notes":null,"docLink":null,"completePath":null,"httpMethod":"GET","produces":null,"consumes":["text/xml"],"parameters":[{"id":"name","name":"name","type":null,"typeArguments":null,"fullyQualifiedTypeArguments":null,"fullyQualifiedType":"java.lang.String","format":null,"description":null,"allowableValues":null,"minimum":0.0,"maximum":0.0,"index":0,"docLink":null,"defaultValue":null,"parameterType":"QUERY","resolver":null,"editable":false,"array":false,"required":false,"list":false}],"returnType":null,"responseMessages":null,"policy":null,"returnTypeArguments":null,"fullyQualifiedReturnTypeArguments":[],"accessSpecifier":null,"methodIdentifier":null,"fullyQualifiedReturnType":"addnetwork.RootResponse","deprecated":false,"returnTypeArray":false}]}],"models":[{"modelId":0,"id":"addnetwork.RootResponse","name":"RootResponse","fullyQualifiedType":"addnetwork.RootResponse","properties":[{"id":null,"name":"state","type":null,"typeArguments":null,"fullyQualifiedTypeArguments":null,"fullyQualifiedType":"java.lang.String","format":null,"description":null,"allowableValues":null,"minimum":0.0,"maximum":0.0,"required":false,"list":false}],"description":null,"baseModel":null,"discriminator":null,"subTypes":null}],"relativePath":null,"fullyQualifiedName":null}