{"id":null,"version":null,"productId":0,"categoryId":0,"name":null,"description":null,"baseURL":"http://localhost:8082","endPoints":[{"id":null,"parentId":null,"name":null,"description":null,"relativePath":"/graphservice/storage/graph/getattribute","docLink":null,"operations":[{"id":null,"parentId":null,"name":"invoke","description":null,"notes":null,"docLink":null,"completePath":null,"httpMethod":"GET","produces":null,"consumes":["text/xml"],"parameters":[{"id":"target","name":"target","type":null,"typeArguments":null,"fullyQualifiedTypeArguments":null,"fullyQualifiedType":"java.lang.String","format":null,"description":null,"allowableValues":null,"minimum":0.0,"maximum":0.0,"index":0,"docLink":null,"defaultValue":null,"parameterType":"QUERY","resolver":null,"editable":false,"array":false,"required":false,"list":false},{"id":"network","name":"network","type":null,"typeArguments":null,"fullyQualifiedTypeArguments":null,"fullyQualifiedType":"java.lang.String","format":null,"description":null,"allowableValues":null,"minimum":0.0,"maximum":0.0,"index":0,"docLink":null,"defaultValue":null,"parameterType":"QUERY","resolver":null,"editable":false,"array":false,"required":false,"list":false}],"returnType":null,"responseMessages":null,"policy":null,"returnTypeArguments":null,"fullyQualifiedReturnTypeArguments":[],"accessSpecifier":null,"methodIdentifier":null,"fullyQualifiedReturnType":"getattribute.RootResponse","returnTypeArray":false,"deprecated":false}]}],"models":[{"modelId":0,"id":"getattribute.RootResponse","name":"RootResponse","fullyQualifiedType":"getattribute.RootResponse","properties":[{"id":null,"name":"datavalue","type":null,"typeArguments":null,"fullyQualifiedTypeArguments":null,"fullyQualifiedType":"java.lang.String","format":null,"description":null,"allowableValues":null,"minimum":0.0,"maximum":0.0,"required":false,"list":true}],"description":null,"baseModel":null,"discriminator":null,"subTypes":null}],"relativePath":null,"fullyQualifiedName":null}