{
	"apiDocuments": [{
		"models": [{
			"modelId": 0,
			"id": "List",
			"description": null,
			"baseModel": null,
			"name": "List",
			"discriminator": null,
			"properties": [{
				"minimum": 0,
				"list": false,
				"typeArguments": [],
				"format": "boolean",
				"fullyQualifiedTypeArguments": [],
				"type": "boolean",
				"fullyQualifiedType": "boolean",
				"id": "empty",
				"description": null,
				"maximum": 0,
				"name": "empty",
				"allowableValues": null,
				"required": false
			}],
			"subTypes": null,
			"fullyQualifiedType": "java.util.List"
		}, {
			"modelId": 0,
			"id": "IntegerWrapper",
			"description": null,
			"baseModel": null,
			"name": "IntegerWrapper",
			"discriminator": null,
			"properties": [{
				"minimum": 0,
				"list": false,
				"typeArguments": [],
				"format": "int32",
				"fullyQualifiedTypeArguments": [],
				"type": "integer",
				"fullyQualifiedType": "java.lang.Integer",
				"id": "result",
				"description": null,
				"maximum": 0,
				"name": "result",
				"allowableValues": null,
				"required": false
			}],
			"subTypes": null,
			"fullyQualifiedType": "com.wavemaker.studio.common.wrapper.IntegerWrapper"
		}, {
			"modelId": 0,
			"id": "StringWrapper",
			"description": null,
			"baseModel": null,
			"name": "StringWrapper",
			"discriminator": null,
			"properties": [{
				"minimum": 0,
				"list": false,
				"typeArguments": [],
				"format": "string",
				"fullyQualifiedTypeArguments": [],
				"type": "string",
				"fullyQualifiedType": "java.lang.String",
				"id": "result",
				"description": null,
				"maximum": 0,
				"name": "result",
				"allowableValues": null,
				"required": false
			}],
			"subTypes": null,
			"fullyQualifiedType": "com.wavemaker.studio.common.wrapper.StringWrapper"
		}, {
			"modelId": 0,
			"id": "WMCurrentUser",
			"description": null,
			"baseModel": null,
			"name": "WMCurrentUser",
			"discriminator": null,
			"properties": [{
				"minimum": 0,
				"list": false,
				"typeArguments": [],
				"format": "string",
				"fullyQualifiedTypeArguments": [],
				"type": "string",
				"fullyQualifiedType": "java.lang.String",
				"id": "userName",
				"description": null,
				"maximum": 0,
				"name": "userName",
				"allowableValues": null,
				"required": false
			}, {
				"minimum": 0,
				"list": false,
				"typeArguments": [],
				"format": "boolean",
				"fullyQualifiedTypeArguments": [],
				"type": "boolean",
				"fullyQualifiedType": "boolean",
				"id": "securityEnabled",
				"description": null,
				"maximum": 0,
				"name": "securityEnabled",
				"allowableValues": null,
				"required": false
			}, {
				"minimum": 0,
				"list": false,
				"typeArguments": [],
				"format": "int32",
				"fullyQualifiedTypeArguments": [],
				"type": "integer",
				"fullyQualifiedType": "int",
				"id": "tenantId",
				"description": null,
				"maximum": 0,
				"name": "tenantId",
				"allowableValues": null,
				"required": false
			}, {
				"minimum": 0,
				"list": false,
				"typeArguments": [],
				"format": "int64",
				"fullyQualifiedTypeArguments": [],
				"type": "integer",
				"fullyQualifiedType": "long",
				"id": "loginTime",
				"description": null,
				"maximum": 0,
				"name": "loginTime",
				"allowableValues": null,
				"required": false
			}, {
				"minimum": 0,
				"list": true,
				"typeArguments": ["String"],
				"format": "array",
				"fullyQualifiedTypeArguments": ["java.lang.String"],
				"type": "array",
				"fullyQualifiedType": "java.lang.String[]",
				"id": "userRoles",
				"description": null,
				"maximum": 0,
				"name": "userRoles",
				"allowableValues": null,
				"required": false
			}, {
				"minimum": 0,
				"list": false,
				"typeArguments": [],
				"format": "boolean",
				"fullyQualifiedTypeArguments": [],
				"type": "boolean",
				"fullyQualifiedType": "boolean",
				"id": "authenticated",
				"description": null,
				"maximum": 0,
				"name": "authenticated",
				"allowableValues": null,
				"required": false
			}, {
				"minimum": 0,
				"list": false,
				"typeArguments": [],
				"format": "string",
				"fullyQualifiedTypeArguments": [],
				"type": "string",
				"fullyQualifiedType": "java.lang.String",
				"id": "userId",
				"description": null,
				"maximum": 0,
				"name": "userId",
				"allowableValues": null,
				"required": false
			}],
			"subTypes": null,
			"fullyQualifiedType": "com.wavemaker.runtime.security.WMCurrentUser"
		}, {
			"modelId": 0,
			"id": "BooleanWrapper",
			"description": null,
			"baseModel": null,
			"name": "BooleanWrapper",
			"discriminator": null,
			"properties": [{
				"minimum": 0,
				"list": false,
				"typeArguments": [],
				"format": "boolean",
				"fullyQualifiedTypeArguments": [],
				"type": "boolean",
				"fullyQualifiedType": "java.lang.Boolean",
				"id": "result",
				"description": null,
				"maximum": 0,
				"name": "result",
				"allowableValues": null,
				"required": false
			}],
			"subTypes": null,
			"fullyQualifiedType": "com.wavemaker.studio.common.wrapper.BooleanWrapper"
		}],
		"id": null,
		"endPoints": [{
			"id": null,
			"parentId": null,
			"relativePath": "/user/roles",
			"description": "",
			"name": "/user/roles",
			"docLink": null,
			"operations": [{
				"returnTypeArguments": ["String"],
				"deprecated": false,
				"httpMethod": "GET",
				"consumes": [],
				"returnType": "List",
				"id": null,
				"parentId": null,
				"fullyQualifiedReturnType": "java.util.List",
				"fullyQualifiedReturnTypeArguments": ["java.lang.String"],
				"responseMessages": [],
				"accessSpecifier": "APP_ONLY",
				"returnTypeArray": false,
				"methodIdentifier": "getUserRoles-0-17",
				"description": "Returns list of roles for the logged-in user.",
				"name": "getUserRoles",
				"produces": [],
				"docLink": null,
				"policy": null,
				"parameters": [],
				"completePath": null,
				"notes": ""
			}]
		}, {
			"id": null,
			"parentId": null,
			"relativePath": "/user/tenantid",
			"description": "",
			"name": "/user/tenantid",
			"docLink": null,
			"operations": [{
				"returnTypeArguments": [],
				"deprecated": false,
				"httpMethod": "GET",
				"consumes": [],
				"returnType": "IntegerWrapper",
				"id": null,
				"parentId": null,
				"fullyQualifiedReturnType": "com.wavemaker.studio.common.wrapper.IntegerWrapper",
				"fullyQualifiedReturnTypeArguments": [],
				"responseMessages": [],
				"accessSpecifier": "APP_ONLY",
				"returnTypeArray": false,
				"methodIdentifier": "getTenantId-0-17",
				"description": "Returns tenant-id for the logged-in user.",
				"name": "getTenantId",
				"produces": [],
				"docLink": null,
				"policy": null,
				"parameters": [],
				"completePath": null,
				"notes": ""
			}]
		}, {
			"id": null,
			"parentId": null,
			"relativePath": "/user/username",
			"description": "",
			"name": "/user/username",
			"docLink": null,
			"operations": [{
				"returnTypeArguments": [],
				"deprecated": false,
				"httpMethod": "GET",
				"consumes": [],
				"returnType": "StringWrapper",
				"id": null,
				"parentId": null,
				"fullyQualifiedReturnType": "com.wavemaker.studio.common.wrapper.StringWrapper",
				"fullyQualifiedReturnTypeArguments": [],
				"responseMessages": [],
				"accessSpecifier": "APP_ONLY",
				"returnTypeArray": false,
				"methodIdentifier": "getUsername-0-17",
				"description": "Returns logged-in user's username",
				"name": "getUsername",
				"produces": [],
				"docLink": null,
				"policy": null,
				"parameters": [],
				"completePath": null,
				"notes": ""
			}]
		}, {
			"id": null,
			"parentId": null,
			"relativePath": "/user/login_time",
			"description": "",
			"name": "/user/login_time",
			"docLink": null,
			"operations": [{
				"returnTypeArguments": [],
				"deprecated": false,
				"httpMethod": "GET",
				"consumes": [],
				"returnType": "StringWrapper",
				"id": null,
				"parentId": null,
				"fullyQualifiedReturnType": "com.wavemaker.studio.common.wrapper.StringWrapper",
				"fullyQualifiedReturnTypeArguments": [],
				"responseMessages": [],
				"accessSpecifier": "APP_ONLY",
				"returnTypeArray": false,
				"methodIdentifier": "getLoginTime-0-17",
				"description": null,
				"name": "getLoginTime",
				"produces": [],
				"docLink": null,
				"policy": null,
				"parameters": [],
				"completePath": null,
				"notes": null
			}]
		}, {
			"id": null,
			"parentId": null,
			"relativePath": "/user",
			"description": "",
			"name": "/user",
			"docLink": null,
			"operations": [{
				"returnTypeArguments": [],
				"deprecated": false,
				"httpMethod": "GET",
				"consumes": [],
				"returnType": "WMCurrentUser",
				"id": null,
				"parentId": null,
				"fullyQualifiedReturnType": "com.wavemaker.runtime.security.WMCurrentUser",
				"fullyQualifiedReturnTypeArguments": [],
				"responseMessages": [],
				"accessSpecifier": "APP_ONLY",
				"returnTypeArray": false,
				"methodIdentifier": "getLoggedInUser-0-17",
				"description": "Returns logged-in user details.",
				"name": "getLoggedInUser",
				"produces": [],
				"docLink": null,
				"policy": null,
				"parameters": [],
				"completePath": null,
				"notes": ""
			}]
		}, {
			"id": null,
			"parentId": null,
			"relativePath": "/logout",
			"description": "",
			"name": "/logout",
			"docLink": null,
			"operations": [{
				"returnTypeArguments": [],
				"deprecated": false,
				"httpMethod": "POST",
				"consumes": [],
				"returnType": "void",
				"id": null,
				"parentId": null,
				"fullyQualifiedReturnType": "void",
				"fullyQualifiedReturnTypeArguments": [],
				"responseMessages": [],
				"accessSpecifier": "APP_ONLY",
				"returnTypeArray": false,
				"methodIdentifier": "logout-0-17",
				"description": "Logout the current user from the application.",
				"name": "logout",
				"produces": [],
				"docLink": null,
				"policy": null,
				"parameters": [],
				"completePath": null,
				"notes": ""
			}]
		}, {
			"id": null,
			"parentId": null,
			"relativePath": "/user/userid",
			"description": "",
			"name": "/user/userid",
			"docLink": null,
			"operations": [{
				"returnTypeArguments": [],
				"deprecated": false,
				"httpMethod": "GET",
				"consumes": [],
				"returnType": "StringWrapper",
				"id": null,
				"parentId": null,
				"fullyQualifiedReturnType": "com.wavemaker.studio.common.wrapper.StringWrapper",
				"fullyQualifiedReturnTypeArguments": [],
				"responseMessages": [],
				"accessSpecifier": "APP_ONLY",
				"returnTypeArray": false,
				"methodIdentifier": "getUserId-0-17",
				"description": "Returns logged-in user's userid",
				"name": "getUserId",
				"produces": [],
				"docLink": null,
				"policy": null,
				"parameters": [],
				"completePath": null,
				"notes": ""
			}]
		}, {
			"id": null,
			"parentId": null,
			"relativePath": "/user/authenticated",
			"description": "",
			"name": "/user/authenticated",
			"docLink": null,
			"operations": [{
				"returnTypeArguments": [],
				"deprecated": false,
				"httpMethod": "GET",
				"consumes": [],
				"returnType": "BooleanWrapper",
				"id": null,
				"parentId": null,
				"fullyQualifiedReturnType": "com.wavemaker.studio.common.wrapper.BooleanWrapper",
				"fullyQualifiedReturnTypeArguments": [],
				"responseMessages": [],
				"accessSpecifier": "APP_ONLY",
				"returnTypeArray": false,
				"methodIdentifier": "isAuthenticated-0-17",
				"description": "Returns authentication status of the logged-in user.",
				"name": "isAuthenticated",
				"produces": [],
				"docLink": null,
				"policy": null,
				"parameters": [],
				"completePath": null,
				"notes": ""
			}]
		}, {
			"id": null,
			"parentId": null,
			"relativePath": "/enabled",
			"description": "",
			"name": "/enabled",
			"docLink": null,
			"operations": [{
				"returnTypeArguments": [],
				"deprecated": false,
				"httpMethod": "GET",
				"consumes": [],
				"returnType": "StringWrapper",
				"id": null,
				"parentId": null,
				"fullyQualifiedReturnType": "com.wavemaker.studio.common.wrapper.StringWrapper",
				"fullyQualifiedReturnTypeArguments": [],
				"responseMessages": [],
				"accessSpecifier": "APP_ONLY",
				"returnTypeArray": false,
				"methodIdentifier": "isSecurityEnabled-0-17",
				"description": "Returns security status of the application.",
				"name": "isSecurityEnabled",
				"produces": [],
				"docLink": null,
				"policy": null,
				"parameters": [],
				"completePath": null,
				"notes": ""
			}]
		}],
		"relativePath": "/security",
		"description": "Exposes APIs to work with application security services",
		"name": "SecurityController",
		"categoryId": 0,
		"baseURL": null,
		"fullyQualifiedName": "com.wavemaker.runtime.security.controller.SecurityController",
		"version": "",
		"productId": 0
	}],
	"serviceId": "securityService"
}