{"serviceId":"executewf","apiDocuments":[{"id":null,"version":null,"productId":0,"categoryId":0,"name":null,"description":null,"baseURL":null,"endPoints":[{"id":null,"parentId":null,"name":null,"description":null,"relativePath":"/invoke","docLink":null,"operations":[{"id":null,"parentId":null,"name":"invoke","description":null,"notes":null,"docLink":null,"completePath":null,"httpMethod":"GET","produces":null,"consumes":["text/xml"],"parameters":[{"id":"input","name":"input","type":null,"typeArguments":null,"fullyQualifiedTypeArguments":null,"fullyQualifiedType":"java.lang.String","format":null,"description":null,"allowableValues":null,"minimum":0.0,"maximum":0.0,"index":0,"docLink":null,"defaultValue":null,"parameterType":"QUERY","resolver":null,"editable":false,"array":false,"required":false,"list":false},{"id":"wf","name":"wf","type":null,"typeArguments":null,"fullyQualifiedTypeArguments":null,"fullyQualifiedType":"java.lang.String","format":null,"description":null,"allowableValues":null,"minimum":0.0,"maximum":0.0,"index":0,"docLink":null,"defaultValue":null,"parameterType":"QUERY","resolver":null,"editable":false,"array":false,"required":false,"list":false}],"returnType":null,"responseMessages":null,"policy":null,"returnTypeArguments":null,"fullyQualifiedReturnTypeArguments":[],"accessSpecifier":null,"methodIdentifier":null,"fullyQualifiedReturnType":"executewf.RootResponse","returnTypeArray":false,"deprecated":false}]}],"models":[{"modelId":0,"id":"executewf.RootResponse","name":"RootResponse","fullyQualifiedType":"executewf.RootResponse","properties":[],"description":null,"baseModel":null,"discriminator":null,"subTypes":null}],"relativePath":"/executewf","fullyQualifiedName":null}]}