{"serviceId":"graphInfo","apiDocuments":[{"id":null,"version":null,"productId":0,"categoryId":0,"name":null,"description":null,"baseURL":null,"endPoints":[{"id":null,"parentId":null,"name":null,"description":null,"relativePath":"/invoke","docLink":null,"operations":[{"id":null,"parentId":null,"name":"invoke","description":null,"notes":null,"docLink":null,"completePath":null,"httpMethod":"GET","produces":null,"consumes":["text/xml"],"parameters":[{"id":"user","name":"user","type":null,"typeArguments":null,"fullyQualifiedTypeArguments":null,"fullyQualifiedType":"java.lang.String","format":null,"description":null,"allowableValues":null,"minimum":0.0,"maximum":0.0,"index":0,"docLink":null,"defaultValue":null,"parameterType":"QUERY","resolver":null,"array":false,"editable":false,"required":false,"list":false}],"returnType":null,"responseMessages":null,"policy":null,"returnTypeArguments":null,"fullyQualifiedReturnTypeArguments":["graphInfo.RootResponseROOTEntryItem"],"accessSpecifier":null,"methodIdentifier":null,"fullyQualifiedReturnType":"java.util.List","returnTypeArray":false,"deprecated":false}]}],"models":[{"modelId":0,"id":"graphInfo.RootResponse","name":"RootResponse","fullyQualifiedType":"graphInfo.RootResponse","properties":[{"id":null,"name":"RootResponseROOT","type":null,"typeArguments":null,"fullyQualifiedTypeArguments":null,"fullyQualifiedType":"graphInfo.RootResponseROOTEntryItem","format":null,"description":null,"allowableValues":null,"minimum":0.0,"maximum":0.0,"required":false,"list":true}],"description":null,"baseModel":null,"discriminator":null,"subTypes":null},{"modelId":0,"id":"graphInfo.RootResponseROOTEntryItem","name":"RootResponseROOTEntryItem","fullyQualifiedType":"graphInfo.RootResponseROOTEntryItem","properties":[{"id":null,"name":"numberOfNodes","type":null,"typeArguments":null,"fullyQualifiedTypeArguments":null,"fullyQualifiedType":"java.lang.Integer","format":null,"description":null,"allowableValues":null,"minimum":0.0,"maximum":0.0,"required":false,"list":false},{"id":null,"name":"labeled","type":null,"typeArguments":null,"fullyQualifiedTypeArguments":null,"fullyQualifiedType":"java.lang.String","format":null,"description":null,"allowableValues":null,"minimum":0.0,"maximum":0.0,"required":false,"list":false},{"id":null,"name":"graph_id","type":null,"typeArguments":null,"fullyQualifiedTypeArguments":null,"fullyQualifiedType":"java.lang.Integer","format":null,"description":null,"allowableValues":null,"minimum":0.0,"maximum":0.0,"required":false,"list":false},{"id":null,"name":"weighted","type":null,"typeArguments":null,"fullyQualifiedTypeArguments":null,"fullyQualifiedType":"java.lang.String","format":null,"description":null,"allowableValues":null,"minimum":0.0,"maximum":0.0,"required":false,"list":false},{"id":null,"name":"numberOfEdges","type":null,"typeArguments":null,"fullyQualifiedTypeArguments":null,"fullyQualifiedType":"java.lang.Integer","format":null,"description":null,"allowableValues":null,"minimum":0.0,"maximum":0.0,"required":false,"list":false},{"id":null,"name":"description","type":null,"typeArguments":null,"fullyQualifiedTypeArguments":null,"fullyQualifiedType":"java.lang.String","format":null,"description":null,"allowableValues":null,"minimum":0.0,"maximum":0.0,"required":false,"list":false},{"id":null,"name":"name","type":null,"typeArguments":null,"fullyQualifiedTypeArguments":null,"fullyQualifiedType":"java.lang.String","format":null,"description":null,"allowableValues":null,"minimum":0.0,"maximum":0.0,"required":false,"list":false},{"id":null,"name":"directed","type":null,"typeArguments":null,"fullyQualifiedTypeArguments":null,"fullyQualifiedType":"java.lang.String","format":null,"description":null,"allowableValues":null,"minimum":0.0,"maximum":0.0,"required":false,"list":false},{"id":null,"name":"node_attributes","type":null,"typeArguments":null,"fullyQualifiedTypeArguments":null,"fullyQualifiedType":"graphInfo.node_attributes","format":null,"description":null,"allowableValues":null,"minimum":0.0,"maximum":0.0,"required":false,"list":false},{"id":null,"name":"edge_attributes","type":null,"typeArguments":null,"fullyQualifiedTypeArguments":null,"fullyQualifiedType":"graphInfo.edge_attributes","format":null,"description":null,"allowableValues":null,"minimum":0.0,"maximum":0.0,"required":false,"list":false},{"id":null,"name":"original_format","type":null,"typeArguments":null,"fullyQualifiedTypeArguments":null,"fullyQualifiedType":"java.lang.String","format":null,"description":null,"allowableValues":null,"minimum":0.0,"maximum":0.0,"required":false,"list":false},{"id":null,"name":"file_name","type":null,"typeArguments":null,"fullyQualifiedTypeArguments":null,"fullyQualifiedType":"java.lang.String","format":null,"description":null,"allowableValues":null,"minimum":0.0,"maximum":0.0,"required":false,"list":false}],"description":null,"baseModel":null,"discriminator":null,"subTypes":null},{"modelId":0,"id":"graphInfo.node_attributes","name":"node_attributes","fullyQualifiedType":"graphInfo.node_attributes","properties":[{"id":null,"name":"id","type":null,"typeArguments":null,"fullyQualifiedTypeArguments":null,"fullyQualifiedType":"java.lang.String","format":null,"description":null,"allowableValues":null,"minimum":0.0,"maximum":0.0,"required":false,"list":false},{"id":null,"name":"degree","type":null,"typeArguments":null,"fullyQualifiedTypeArguments":null,"fullyQualifiedType":"java.lang.String","format":null,"description":null,"allowableValues":null,"minimum":0.0,"maximum":0.0,"required":false,"list":false},{"id":null,"name":"closeness_centrality","type":null,"typeArguments":null,"fullyQualifiedTypeArguments":null,"fullyQualifiedType":"java.lang.String","format":null,"description":null,"allowableValues":null,"minimum":0.0,"maximum":0.0,"required":false,"list":false},{"id":null,"name":"betweenness_centrality","type":null,"typeArguments":null,"fullyQualifiedTypeArguments":null,"fullyQualifiedType":"java.lang.String","format":null,"description":null,"allowableValues":null,"minimum":0.0,"maximum":0.0,"required":false,"list":false},{"id":null,"name":"load_centrality","type":null,"typeArguments":null,"fullyQualifiedTypeArguments":null,"fullyQualifiedType":"java.lang.String","format":null,"description":null,"allowableValues":null,"minimum":0.0,"maximum":0.0,"required":false,"list":false},{"id":null,"name":"node_clique_number","type":null,"typeArguments":null,"fullyQualifiedTypeArguments":null,"fullyQualifiedType":"java.lang.String","format":null,"description":null,"allowableValues":null,"minimum":0.0,"maximum":0.0,"required":false,"list":false},{"id":null,"name":"clustering","type":null,"typeArguments":null,"fullyQualifiedTypeArguments":null,"fullyQualifiedType":"java.lang.String","format":null,"description":null,"allowableValues":null,"minimum":0.0,"maximum":0.0,"required":false,"list":false},{"id":null,"name":"name","type":null,"typeArguments":null,"fullyQualifiedTypeArguments":null,"fullyQualifiedType":"java.lang.String","format":null,"description":null,"allowableValues":null,"minimum":0.0,"maximum":0.0,"required":false,"list":false},{"id":null,"name":"label","type":null,"typeArguments":null,"fullyQualifiedTypeArguments":null,"fullyQualifiedType":"java.lang.String","format":null,"description":null,"allowableValues":null,"minimum":0.0,"maximum":0.0,"required":false,"list":false},{"id":null,"name":"scientist","type":null,"typeArguments":null,"fullyQualifiedTypeArguments":null,"fullyQualifiedType":"java.lang.String","format":null,"description":null,"allowableValues":null,"minimum":0.0,"maximum":0.0,"required":false,"list":false},{"id":null,"name":"outdegree","type":null,"typeArguments":null,"fullyQualifiedTypeArguments":null,"fullyQualifiedType":"java.lang.String","format":null,"description":null,"allowableValues":null,"minimum":0.0,"maximum":0.0,"required":false,"list":false},{"id":null,"name":"indegree","type":null,"typeArguments":null,"fullyQualifiedTypeArguments":null,"fullyQualifiedType":"java.lang.String","format":null,"description":null,"allowableValues":null,"minimum":0.0,"maximum":0.0,"required":false,"list":false}],"description":null,"baseModel":null,"discriminator":null,"subTypes":null},{"modelId":0,"id":"graphInfo.edge_attributes","name":"edge_attributes","fullyQualifiedType":"graphInfo.edge_attributes","properties":[{"id":null,"name":"degree_product","type":null,"typeArguments":null,"fullyQualifiedTypeArguments":null,"fullyQualifiedType":"java.lang.String","format":null,"description":null,"allowableValues":null,"minimum":0.0,"maximum":0.0,"required":false,"list":false},{"id":null,"name":"betweenness_centrality","type":null,"typeArguments":null,"fullyQualifiedTypeArguments":null,"fullyQualifiedType":"java.lang.String","format":null,"description":null,"allowableValues":null,"minimum":0.0,"maximum":0.0,"required":false,"list":false},{"id":null,"name":"coauthorship","type":null,"typeArguments":null,"fullyQualifiedTypeArguments":null,"fullyQualifiedType":"java.lang.String","format":null,"description":null,"allowableValues":null,"minimum":0.0,"maximum":0.0,"required":false,"list":false},{"id":null,"name":"coappearances","type":null,"typeArguments":null,"fullyQualifiedTypeArguments":null,"fullyQualifiedType":"java.lang.String","format":null,"description":null,"allowableValues":null,"minimum":0.0,"maximum":0.0,"required":false,"list":false}],"description":null,"baseModel":null,"discriminator":null,"subTypes":null}],"relativePath":"/graphInfo","fullyQualifiedName":null}]}