{"id":null,"version":null,"productId":0,"categoryId":0,"name":null,"description":null,"baseURL":"http://localhost:8082","endPoints":[{"id":null,"parentId":null,"name":null,"description":null,"relativePath":"/graphservice/query","docLink":null,"operations":[{"id":null,"parentId":null,"name":"invoke","description":null,"notes":null,"docLink":null,"completePath":null,"httpMethod":"GET","produces":null,"consumes":["text/xml"],"parameters":[{"id":"content","name":"content","type":null,"typeArguments":null,"fullyQualifiedTypeArguments":null,"fullyQualifiedType":"java.lang.String","format":null,"description":null,"allowableValues":null,"minimum":0.0,"maximum":0.0,"index":0,"docLink":null,"defaultValue":null,"parameterType":"QUERY","resolver":null,"array":false,"editable":false,"required":false,"list":false},{"id":"graph","name":"graph","type":null,"typeArguments":null,"fullyQualifiedTypeArguments":null,"fullyQualifiedType":"java.lang.String","format":null,"description":null,"allowableValues":null,"minimum":0.0,"maximum":0.0,"index":0,"docLink":null,"defaultValue":null,"parameterType":"QUERY","resolver":null,"array":false,"editable":false,"required":false,"list":false},{"id":"memo","name":"memo","type":null,"typeArguments":null,"fullyQualifiedTypeArguments":null,"fullyQualifiedType":"java.lang.String","format":null,"description":null,"allowableValues":null,"minimum":0.0,"maximum":0.0,"index":0,"docLink":null,"defaultValue":null,"parameterType":"QUERY","resolver":null,"array":false,"editable":false,"required":false,"list":false},{"id":"details","name":"details","type":null,"typeArguments":null,"fullyQualifiedTypeArguments":null,"fullyQualifiedType":"java.lang.String","format":null,"description":null,"allowableValues":null,"minimum":0.0,"maximum":0.0,"index":0,"docLink":null,"defaultValue":null,"parameterType":"QUERY","resolver":null,"array":false,"editable":false,"required":false,"list":false},{"id":"session","name":"session","type":null,"typeArguments":null,"fullyQualifiedTypeArguments":null,"fullyQualifiedType":"java.lang.String","format":null,"description":null,"allowableValues":null,"minimum":0.0,"maximum":0.0,"index":0,"docLink":null,"defaultValue":null,"parameterType":"QUERY","resolver":null,"array":false,"editable":false,"required":false,"list":false},{"id":"view","name":"view","type":null,"typeArguments":null,"fullyQualifiedTypeArguments":null,"fullyQualifiedType":"java.lang.String","format":null,"description":null,"allowableValues":null,"minimum":0.0,"maximum":0.0,"index":0,"docLink":null,"defaultValue":null,"parameterType":"QUERY","resolver":null,"array":false,"editable":false,"required":false,"list":false},{"id":"nruns","name":"nruns","type":null,"typeArguments":null,"fullyQualifiedTypeArguments":null,"fullyQualifiedType":"java.lang.String","format":null,"description":null,"allowableValues":null,"minimum":0.0,"maximum":0.0,"index":0,"docLink":null,"defaultValue":null,"parameterType":"QUERY","resolver":null,"array":false,"editable":false,"required":false,"list":false},{"id":"validate","name":"validate","type":null,"typeArguments":null,"fullyQualifiedTypeArguments":null,"fullyQualifiedType":"java.lang.String","format":null,"description":null,"allowableValues":null,"minimum":0.0,"maximum":0.0,"index":0,"docLink":null,"defaultValue":null,"parameterType":"QUERY","resolver":null,"array":false,"editable":false,"required":false,"list":false},{"id":null,"name":"csvf","type":null,"typeArguments":null,"fullyQualifiedTypeArguments":null,"fullyQualifiedType":"string","format":null,"description":null,"allowableValues":null,"minimum":0.0,"maximum":0.0,"index":0,"docLink":null,"defaultValue":null,"parameterType":"QUERY","resolver":null,"array":false,"editable":false,"required":false,"list":false}],"returnType":null,"responseMessages":null,"policy":null,"returnTypeArguments":null,"fullyQualifiedReturnTypeArguments":[],"accessSpecifier":null,"methodIdentifier":null,"fullyQualifiedReturnType":"graphquery.RootResponse","deprecated":false,"returnTypeArray":false}]}],"models":[{"modelId":0,"id":"graphquery.RootResponse","name":"RootResponse","fullyQualifiedType":"graphquery.RootResponse","properties":[{"id":null,"name":"result","type":null,"typeArguments":null,"fullyQualifiedTypeArguments":null,"fullyQualifiedType":"graphquery.result","format":null,"description":null,"allowableValues":null,"minimum":0.0,"maximum":0.0,"required":false,"list":false},{"id":null,"name":"qid","type":null,"typeArguments":null,"fullyQualifiedTypeArguments":null,"fullyQualifiedType":"java.lang.Integer","format":null,"description":null,"allowableValues":null,"minimum":0.0,"maximum":0.0,"required":false,"list":false}],"description":null,"baseModel":null,"discriminator":null,"subTypes":null},{"modelId":0,"id":"graphquery.result","name":"result","fullyQualifiedType":"graphquery.result","properties":[{"id":null,"name":"node_sets","type":null,"typeArguments":null,"fullyQualifiedTypeArguments":null,"fullyQualifiedType":"graphquery.node_setsEntryItem","format":null,"description":null,"allowableValues":null,"minimum":0.0,"maximum":0.0,"required":false,"list":true}],"description":null,"baseModel":null,"discriminator":null,"subTypes":null},{"modelId":0,"id":"graphquery.node_setsEntryItem","name":"node_setsEntryItem","fullyQualifiedType":"graphquery.node_setsEntryItem","properties":[{"id":null,"name":"coverage","type":null,"typeArguments":null,"fullyQualifiedTypeArguments":null,"fullyQualifiedType":"java.lang.Double","format":null,"description":null,"allowableValues":null,"minimum":0.0,"maximum":0.0,"required":false,"list":false},{"id":null,"name":"nodes","type":null,"typeArguments":null,"fullyQualifiedTypeArguments":null,"fullyQualifiedType":"graphquery.nodesEntryItem","format":null,"description":null,"allowableValues":null,"minimum":0.0,"maximum":0.0,"required":false,"list":true}],"description":null,"baseModel":null,"discriminator":null,"subTypes":null},{"modelId":0,"id":"graphquery.nodesEntryItem","name":"nodesEntryItem","fullyQualifiedType":"graphquery.nodesEntryItem","properties":[{"id":null,"name":"id","type":null,"typeArguments":null,"fullyQualifiedTypeArguments":null,"fullyQualifiedType":"java.lang.Integer","format":null,"description":null,"allowableValues":null,"minimum":0.0,"maximum":0.0,"required":false,"list":false},{"id":null,"name":"degree","type":null,"typeArguments":null,"fullyQualifiedTypeArguments":null,"fullyQualifiedType":"java.lang.Integer","format":null,"description":null,"allowableValues":null,"minimum":0.0,"maximum":0.0,"required":false,"list":false},{"id":null,"name":"closeness_centrality","type":null,"typeArguments":null,"fullyQualifiedTypeArguments":null,"fullyQualifiedType":"java.lang.Double","format":null,"description":null,"allowableValues":null,"minimum":0.0,"maximum":0.0,"required":false,"list":false},{"id":null,"name":"betweenness_centrality","type":null,"typeArguments":null,"fullyQualifiedTypeArguments":null,"fullyQualifiedType":"java.lang.Double","format":null,"description":null,"allowableValues":null,"minimum":0.0,"maximum":0.0,"required":false,"list":false},{"id":null,"name":"load_centrality","type":null,"typeArguments":null,"fullyQualifiedTypeArguments":null,"fullyQualifiedType":"java.lang.Double","format":null,"description":null,"allowableValues":null,"minimum":0.0,"maximum":0.0,"required":false,"list":false},{"id":null,"name":"node_clique_number","type":null,"typeArguments":null,"fullyQualifiedTypeArguments":null,"fullyQualifiedType":"java.lang.Integer","format":null,"description":null,"allowableValues":null,"minimum":0.0,"maximum":0.0,"required":false,"list":false},{"id":null,"name":"clustering","type":null,"typeArguments":null,"fullyQualifiedTypeArguments":null,"fullyQualifiedType":"java.lang.Double","format":null,"description":null,"allowableValues":null,"minimum":0.0,"maximum":0.0,"required":false,"list":false}],"description":null,"baseModel":null,"discriminator":null,"subTypes":null}],"relativePath":null,"fullyQualifiedName":null}